rand,dom,header,lol
a0001,LLoveGood1,Luna Lovegood 1,1
a0002,LLoveGood2,Luna Lovegood 2,2
a0003,LLoveGood3,Luna Lovegood 3,3
a0004,LLoveGood4,Luna Lovegood 4,4
a0005,LLoveGood5,Luna Lovegood 5,5
a0006,LLoveGood6,Luna Lovegood 6,6
a0007,LLoveGood7,Luna Lovegood 7,7
a0008,LLoveGood8,Luna Lovegood 8,8
a0009,LLoveGood9,Luna Lovegood 9,9
a0010,LLoveGood10,Luna Lovegood 10,10
a0011,LLoveGood11,Luna Lovegood 11,11
a0012,LLoveGood12,Luna Lovegood 12,12
a0013,LLoveGood13,Luna Lovegood 13,13
a0014,LLoveGood14,Luna Lovegood 14,14
a0015,LLoveGood15,Luna Lovegood 15,15
a0016,LLoveGood16,Luna Lovegood 16,16
a0017,LLoveGood17,Luna Lovegood 17,17
a0018,LLoveGood18,Luna Lovegood 18,18
a0019,LLoveGood19,Luna Lovegood 19,19
a0020,LLoveGood20,Luna Lovegood 20,20
a0021,LLoveGood21,Luna Lovegood 21,21
a0022,LLoveGood22,Luna Lovegood 22,22
a0023,LLoveGood23,Luna Lovegood 23,23
a0024,LLoveGood24,Luna Lovegood 24,24
a0025,LLoveGood25,Luna Lovegood 25,25
a0026,LLoveGood26,Luna Lovegood 26,26
a0027,LLoveGood27,Luna Lovegood 27,27
a0028,LLoveGood28,Luna Lovegood 28,28
a0029,LLoveGood29,Luna Lovegood 29,29
a0030,LLoveGood30,Luna Lovegood 30,30
a0031,LLoveGood31,Luna Lovegood 31,31
a0032,LLoveGood32,Luna Lovegood 32,32
a0033,LLoveGood33,Luna Lovegood 33,33
a0034,LLoveGood34,Luna Lovegood 34,34
a0035,LLoveGood35,Luna Lovegood 35,35
a0036,LLoveGood36,Luna Lovegood 36,36
a0037,LLoveGood37,Luna Lovegood 37,37
a0038,LLoveGood38,Luna Lovegood 38,38
a0039,LLoveGood39,Luna Lovegood 39,39
a0040,LLoveGood40,Luna Lovegood 40,40
a0041,LLoveGood41,Luna Lovegood 41,41
a0042,LLoveGood42,Luna Lovegood 42,42
a0043,LLoveGood43,Luna Lovegood 43,43
a0044,LLoveGood44,Luna Lovegood 44,44
a0045,LLoveGood45,Luna Lovegood 45,45
a0046,LLoveGood46,Luna Lovegood 46,46
a0047,LLoveGood47,Luna Lovegood 47,47
a0048,LLoveGood48,Luna Lovegood 48,48
a0049,LLoveGood49,Luna Lovegood 49,49
a0050,LLoveGood50,Luna Lovegood 50,50
a0051,LLoveGood51,Luna Lovegood 51,51
a0052,LLoveGood52,Luna Lovegood 52,52
a0053,LLoveGood53,Luna Lovegood 53,53
a0054,LLoveGood54,Luna Lovegood 54,54
a0055,LLoveGood55,Luna Lovegood 55,55
a0056,LLoveGood56,Luna Lovegood 56,56
a0057,LLoveGood57,Luna Lovegood 57,57
a0058,LLoveGood58,Luna Lovegood 58,58
a0059,LLoveGood59,Luna Lovegood 59,59
a0060,LLoveGood60,Luna Lovegood 60,60
a0061,LLoveGood61,Luna Lovegood 61,61
a0062,LLoveGood62,Luna Lovegood 62,62
a0063,LLoveGood63,Luna Lovegood 63,63
a0064,LLoveGood64,Luna Lovegood 64,64
a0065,LLoveGood65,Luna Lovegood 65,65
a0066,LLoveGood66,Luna Lovegood 66,66
a0067,LLoveGood67,Luna Lovegood 67,67
a0068,LLoveGood68,Luna Lovegood 68,68
a0069,LLoveGood69,Luna Lovegood 69,69
a0070,LLoveGood70,Luna Lovegood 70,70
a0071,LLoveGood71,Luna Lovegood 71,71
a0072,LLoveGood72,Luna Lovegood 72,72
a0073,LLoveGood73,Luna Lovegood 73,73
a0074,LLoveGood74,Luna Lovegood 74,74
a0075,LLoveGood75,Luna Lovegood 75,75
a0076,LLoveGood76,Luna Lovegood 76,76
a0077,LLoveGood77,Luna Lovegood 77,77
a0078,LLoveGood78,Luna Lovegood 78,78
a0079,LLoveGood79,Luna Lovegood 79,79
a0080,LLoveGood80,Luna Lovegood 80,80
a0081,LLoveGood81,Luna Lovegood 81,81
a0082,LLoveGood82,Luna Lovegood 82,82
a0083,LLoveGood83,Luna Lovegood 83,83
a0084,LLoveGood84,Luna Lovegood 84,84
a0085,LLoveGood85,Luna Lovegood 85,85
a0086,LLoveGood86,Luna Lovegood 86,86
a0087,LLoveGood87,Luna Lovegood 87,87
a0088,LLoveGood88,Luna Lovegood 88,88
a0089,LLoveGood89,Luna Lovegood 89,89
a0090,LLoveGood90,Luna Lovegood 90,90
a0091,LLoveGood91,Luna Lovegood 91,91
a0092,LLoveGood92,Luna Lovegood 92,92
a0093,LLoveGood93,Luna Lovegood 93,93
a0094,LLoveGood94,Luna Lovegood 94,94
a0095,LLoveGood95,Luna Lovegood 95,95
a0096,LLoveGood96,Luna Lovegood 96,96
a0097,LLoveGood97,Luna Lovegood 97,97
a0098,LLoveGood98,Luna Lovegood 98,98
a0099,LLoveGood99,Luna Lovegood 99,99
a0100,LLoveGood100,Luna Lovegood 100,100
a0101,LLoveGood101,Luna Lovegood 101,101
a0102,LLoveGood102,Luna Lovegood 102,102
a0103,LLoveGood103,Luna Lovegood 103,103
a0104,LLoveGood104,Luna Lovegood 104,104
a0105,LLoveGood105,Luna Lovegood 105,105
a0106,LLoveGood106,Luna Lovegood 106,106
a0107,LLoveGood107,Luna Lovegood 107,107
a0108,LLoveGood108,Luna Lovegood 108,108
a0109,LLoveGood109,Luna Lovegood 109,109
a0110,LLoveGood110,Luna Lovegood 110,110
a0111,LLoveGood111,Luna Lovegood 111,111
a0112,LLoveGood112,Luna Lovegood 112,112
a0113,LLoveGood113,Luna Lovegood 113,113
a0114,LLoveGood114,Luna Lovegood 114,114
a0115,LLoveGood115,Luna Lovegood 115,115
a0116,LLoveGood116,Luna Lovegood 116,116
a0117,LLoveGood117,Luna Lovegood 117,117
a0118,LLoveGood118,Luna Lovegood 118,118
a0119,LLoveGood119,Luna Lovegood 119,119
a0120,LLoveGood120,Luna Lovegood 120,120
a0121,LLoveGood121,Luna Lovegood 121,121
a0122,LLoveGood122,Luna Lovegood 122,122
a0123,LLoveGood123,Luna Lovegood 123,123
a0124,LLoveGood124,Luna Lovegood 124,124
a0125,LLoveGood125,Luna Lovegood 125,125
a0126,LLoveGood126,Luna Lovegood 126,126
a0127,LLoveGood127,Luna Lovegood 127,127
a0128,LLoveGood128,Luna Lovegood 128,128
a0129,LLoveGood129,Luna Lovegood 129,129
a0130,LLoveGood130,Luna Lovegood 130,130
a0131,LLoveGood131,Luna Lovegood 131,131
a0132,LLoveGood132,Luna Lovegood 132,132
a0133,LLoveGood133,Luna Lovegood 133,133
a0134,LLoveGood134,Luna Lovegood 134,134
a0135,LLoveGood135,Luna Lovegood 135,135
a0136,LLoveGood136,Luna Lovegood 136,136
a0137,LLoveGood137,Luna Lovegood 137,137
a0138,LLoveGood138,Luna Lovegood 138,138
a0139,LLoveGood139,Luna Lovegood 139,139
a0140,LLoveGood140,Luna Lovegood 140,140
a0141,LLoveGood141,Luna Lovegood 141,141
a0142,LLoveGood142,Luna Lovegood 142,142
a0143,LLoveGood143,Luna Lovegood 143,143
a0144,LLoveGood144,Luna Lovegood 144,144
a0145,LLoveGood145,Luna Lovegood 145,145
a0146,LLoveGood146,Luna Lovegood 146,146
a0147,LLoveGood147,Luna Lovegood 147,147
a0148,LLoveGood148,Luna Lovegood 148,148
a0149,LLoveGood149,Luna Lovegood 149,149
a0150,LLoveGood150,Luna Lovegood 150,150
a0151,LLoveGood151,Luna Lovegood 151,151
a0152,LLoveGood152,Luna Lovegood 152,152
a0153,LLoveGood153,Luna Lovegood 153,153
a0154,LLoveGood154,Luna Lovegood 154,154
a0155,LLoveGood155,Luna Lovegood 155,155
a0156,LLoveGood156,Luna Lovegood 156,156
a0157,LLoveGood157,Luna Lovegood 157,157
a0158,LLoveGood158,Luna Lovegood 158,158
a0159,LLoveGood159,Luna Lovegood 159,159
a0160,LLoveGood160,Luna Lovegood 160,160
a0161,LLoveGood161,Luna Lovegood 161,161
a0162,LLoveGood162,Luna Lovegood 162,162
a0163,LLoveGood163,Luna Lovegood 163,163
a0164,LLoveGood164,Luna Lovegood 164,164
a0165,LLoveGood165,Luna Lovegood 165,165
a0166,LLoveGood166,Luna Lovegood 166,166
a0167,LLoveGood167,Luna Lovegood 167,167
a0168,LLoveGood168,Luna Lovegood 168,168
a0169,LLoveGood169,Luna Lovegood 169,169
a0170,LLoveGood170,Luna Lovegood 170,170
a0171,LLoveGood171,Luna Lovegood 171,171
a0172,LLoveGood172,Luna Lovegood 172,172
a0173,LLoveGood173,Luna Lovegood 173,173
a0174,LLoveGood174,Luna Lovegood 174,174
a0175,LLoveGood175,Luna Lovegood 175,175
a0176,LLoveGood176,Luna Lovegood 176,176
a0177,LLoveGood177,Luna Lovegood 177,177
a0178,LLoveGood178,Luna Lovegood 178,178
a0179,LLoveGood179,Luna Lovegood 179,179
a0180,LLoveGood180,Luna Lovegood 180,180
a0181,LLoveGood181,Luna Lovegood 181,181
a0182,LLoveGood182,Luna Lovegood 182,182
a0183,LLoveGood183,Luna Lovegood 183,183
a0184,LLoveGood184,Luna Lovegood 184,184
a0185,LLoveGood185,Luna Lovegood 185,185
a0186,LLoveGood186,Luna Lovegood 186,186
a0187,LLoveGood187,Luna Lovegood 187,187
a0188,LLoveGood188,Luna Lovegood 188,188
a0189,LLoveGood189,Luna Lovegood 189,189
a0190,LLoveGood190,Luna Lovegood 190,190
a0191,LLoveGood191,Luna Lovegood 191,191
a0192,LLoveGood192,Luna Lovegood 192,192
a0193,LLoveGood193,Luna Lovegood 193,193
a0194,LLoveGood194,Luna Lovegood 194,194
a0195,LLoveGood195,Luna Lovegood 195,195
a0196,LLoveGood196,Luna Lovegood 196,196
a0197,LLoveGood197,Luna Lovegood 197,197
a0198,LLoveGood198,Luna Lovegood 198,198
a0199,LLoveGood199,Luna Lovegood 199,199
a0200,LLoveGood200,Luna Lovegood 200,200
a0201,LLoveGood201,Luna Lovegood 201,201
a0202,LLoveGood202,Luna Lovegood 202,202
a0203,LLoveGood203,Luna Lovegood 203,203
a0204,LLoveGood204,Luna Lovegood 204,204
a0205,LLoveGood205,Luna Lovegood 205,205
a0206,LLoveGood206,Luna Lovegood 206,206
a0207,LLoveGood207,Luna Lovegood 207,207
a0208,LLoveGood208,Luna Lovegood 208,208
a0209,LLoveGood209,Luna Lovegood 209,209
a0210,LLoveGood210,Luna Lovegood 210,210
a0211,LLoveGood211,Luna Lovegood 211,211
a0212,LLoveGood212,Luna Lovegood 212,212
a0213,LLoveGood213,Luna Lovegood 213,213
a0214,LLoveGood214,Luna Lovegood 214,214
a0215,LLoveGood215,Luna Lovegood 215,215
a0216,LLoveGood216,Luna Lovegood 216,216
a0217,LLoveGood217,Luna Lovegood 217,217
a0218,LLoveGood218,Luna Lovegood 218,218
a0219,LLoveGood219,Luna Lovegood 219,219
a0220,LLoveGood220,Luna Lovegood 220,220
a0221,LLoveGood221,Luna Lovegood 221,221
a0222,LLoveGood222,Luna Lovegood 222,222
a0223,LLoveGood223,Luna Lovegood 223,223
a0224,LLoveGood224,Luna Lovegood 224,224
a0225,LLoveGood225,Luna Lovegood 225,225
a0226,LLoveGood226,Luna Lovegood 226,226
a0227,LLoveGood227,Luna Lovegood 227,227
a0228,LLoveGood228,Luna Lovegood 228,228
a0229,LLoveGood229,Luna Lovegood 229,229
a0230,LLoveGood230,Luna Lovegood 230,230
a0231,LLoveGood231,Luna Lovegood 231,231
a0232,LLoveGood232,Luna Lovegood 232,232
a0233,LLoveGood233,Luna Lovegood 233,233
a0234,LLoveGood234,Luna Lovegood 234,234
a0235,LLoveGood235,Luna Lovegood 235,235
a0236,LLoveGood236,Luna Lovegood 236,236
a0237,LLoveGood237,Luna Lovegood 237,237
a0238,LLoveGood238,Luna Lovegood 238,238
a0239,LLoveGood239,Luna Lovegood 239,239
a0240,LLoveGood240,Luna Lovegood 240,240
a0241,LLoveGood241,Luna Lovegood 241,241
a0242,LLoveGood242,Luna Lovegood 242,242
a0243,LLoveGood243,Luna Lovegood 243,243
a0244,LLoveGood244,Luna Lovegood 244,244
a0245,LLoveGood245,Luna Lovegood 245,245
a0246,LLoveGood246,Luna Lovegood 246,246
a0247,LLoveGood247,Luna Lovegood 247,247
a0248,LLoveGood248,Luna Lovegood 248,248
a0249,LLoveGood249,Luna Lovegood 249,249
a0250,LLoveGood250,Luna Lovegood 250,250
a0251,LLoveGood251,Luna Lovegood 251,251
a0252,LLoveGood252,Luna Lovegood 252,252
a0253,LLoveGood253,Luna Lovegood 253,253
a0254,LLoveGood254,Luna Lovegood 254,254
a0255,LLoveGood255,Luna Lovegood 255,255
a0256,LLoveGood256,Luna Lovegood 256,256
a0257,LLoveGood257,Luna Lovegood 257,257
a0258,LLoveGood258,Luna Lovegood 258,258
a0259,LLoveGood259,Luna Lovegood 259,259
a0260,LLoveGood260,Luna Lovegood 260,260
a0261,LLoveGood261,Luna Lovegood 261,261
a0262,LLoveGood262,Luna Lovegood 262,262
a0263,LLoveGood263,Luna Lovegood 263,263
a0264,LLoveGood264,Luna Lovegood 264,264
a0265,LLoveGood265,Luna Lovegood 265,265
a0266,LLoveGood266,Luna Lovegood 266,266
a0267,LLoveGood267,Luna Lovegood 267,267
a0268,LLoveGood268,Luna Lovegood 268,268
a0269,LLoveGood269,Luna Lovegood 269,269
a0270,LLoveGood270,Luna Lovegood 270,270
a0271,LLoveGood271,Luna Lovegood 271,271
a0272,LLoveGood272,Luna Lovegood 272,272
a0273,LLoveGood273,Luna Lovegood 273,273
a0274,LLoveGood274,Luna Lovegood 274,274
a0275,LLoveGood275,Luna Lovegood 275,275
a0276,LLoveGood276,Luna Lovegood 276,276
a0277,LLoveGood277,Luna Lovegood 277,277
a0278,LLoveGood278,Luna Lovegood 278,278
a0279,LLoveGood279,Luna Lovegood 279,279
a0280,LLoveGood280,Luna Lovegood 280,280
a0281,LLoveGood281,Luna Lovegood 281,281
a0282,LLoveGood282,Luna Lovegood 282,282
a0283,LLoveGood283,Luna Lovegood 283,283
a0284,LLoveGood284,Luna Lovegood 284,284
a0285,LLoveGood285,Luna Lovegood 285,285
a0286,LLoveGood286,Luna Lovegood 286,286
a0287,LLoveGood287,Luna Lovegood 287,287
a0288,LLoveGood288,Luna Lovegood 288,288
a0289,LLoveGood289,Luna Lovegood 289,289
a0290,LLoveGood290,Luna Lovegood 290,290
a0291,LLoveGood291,Luna Lovegood 291,291
a0292,LLoveGood292,Luna Lovegood 292,292
a0293,LLoveGood293,Luna Lovegood 293,293
a0294,LLoveGood294,Luna Lovegood 294,294
a0295,LLoveGood295,Luna Lovegood 295,295
a0296,LLoveGood296,Luna Lovegood 296,296
a0297,LLoveGood297,Luna Lovegood 297,297
a0298,LLoveGood298,Luna Lovegood 298,298
a0299,LLoveGood299,Luna Lovegood 299,299
a0300,LLoveGood300,Luna Lovegood 300,300
a0301,LLoveGood301,Luna Lovegood 301,301
a0302,LLoveGood302,Luna Lovegood 302,302
a0303,LLoveGood303,Luna Lovegood 303,303
a0304,LLoveGood304,Luna Lovegood 304,304
a0305,LLoveGood305,Luna Lovegood 305,305
a0306,LLoveGood306,Luna Lovegood 306,306
a0307,LLoveGood307,Luna Lovegood 307,307
a0308,LLoveGood308,Luna Lovegood 308,308
a0309,LLoveGood309,Luna Lovegood 309,309
a0310,LLoveGood310,Luna Lovegood 310,310
a0311,LLoveGood311,Luna Lovegood 311,311
a0312,LLoveGood312,Luna Lovegood 312,312
a0313,LLoveGood313,Luna Lovegood 313,313
a0314,LLoveGood314,Luna Lovegood 314,314
a0315,LLoveGood315,Luna Lovegood 315,315
a0316,LLoveGood316,Luna Lovegood 316,316
a0317,LLoveGood317,Luna Lovegood 317,317
a0318,LLoveGood318,Luna Lovegood 318,318
a0319,LLoveGood319,Luna Lovegood 319,319
a0320,LLoveGood320,Luna Lovegood 320,320
a0321,LLoveGood321,Luna Lovegood 321,321
a0322,LLoveGood322,Luna Lovegood 322,322
a0323,LLoveGood323,Luna Lovegood 323,323
a0324,LLoveGood324,Luna Lovegood 324,324
a0325,LLoveGood325,Luna Lovegood 325,325
a0326,LLoveGood326,Luna Lovegood 326,326
a0327,LLoveGood327,Luna Lovegood 327,327
a0328,LLoveGood328,Luna Lovegood 328,328
a0329,LLoveGood329,Luna Lovegood 329,329
a0330,LLoveGood330,Luna Lovegood 330,330
a0331,LLoveGood331,Luna Lovegood 331,331
a0332,LLoveGood332,Luna Lovegood 332,332
a0333,LLoveGood333,Luna Lovegood 333,333
a0334,LLoveGood334,Luna Lovegood 334,334
a0335,LLoveGood335,Luna Lovegood 335,335
a0336,LLoveGood336,Luna Lovegood 336,336
a0337,LLoveGood337,Luna Lovegood 337,337
a0338,LLoveGood338,Luna Lovegood 338,338
a0339,LLoveGood339,Luna Lovegood 339,339
a0340,LLoveGood340,Luna Lovegood 340,340
a0341,LLoveGood341,Luna Lovegood 341,341
a0342,LLoveGood342,Luna Lovegood 342,342
a0343,LLoveGood343,Luna Lovegood 343,343
a0344,LLoveGood344,Luna Lovegood 344,344
a0345,LLoveGood345,Luna Lovegood 345,345
a0346,LLoveGood346,Luna Lovegood 346,346
a0347,LLoveGood347,Luna Lovegood 347,347
a0348,LLoveGood348,Luna Lovegood 348,348
a0349,LLoveGood349,Luna Lovegood 349,349
a0350,LLoveGood350,Luna Lovegood 350,350
a0351,LLoveGood351,Luna Lovegood 351,351
a0352,LLoveGood352,Luna Lovegood 352,352
a0353,LLoveGood353,Luna Lovegood 353,353
a0354,LLoveGood354,Luna Lovegood 354,354
a0355,LLoveGood355,Luna Lovegood 355,355
a0356,LLoveGood356,Luna Lovegood 356,356
a0357,LLoveGood357,Luna Lovegood 357,357
a0358,LLoveGood358,Luna Lovegood 358,358
a0359,LLoveGood359,Luna Lovegood 359,359
a0360,LLoveGood360,Luna Lovegood 360,360
a0361,LLoveGood361,Luna Lovegood 361,361
a0362,LLoveGood362,Luna Lovegood 362,362
a0363,LLoveGood363,Luna Lovegood 363,363
a0364,LLoveGood364,Luna Lovegood 364,364
a0365,LLoveGood365,Luna Lovegood 365,365
a0366,LLoveGood366,Luna Lovegood 366,366
a0367,LLoveGood367,Luna Lovegood 367,367
a0368,LLoveGood368,Luna Lovegood 368,368
a0369,LLoveGood369,Luna Lovegood 369,369
a0370,LLoveGood370,Luna Lovegood 370,370
a0371,LLoveGood371,Luna Lovegood 371,371
a0372,LLoveGood372,Luna Lovegood 372,372
a0373,LLoveGood373,Luna Lovegood 373,373
a0374,LLoveGood374,Luna Lovegood 374,374
a0375,LLoveGood375,Luna Lovegood 375,375
a0376,LLoveGood376,Luna Lovegood 376,376
a0377,LLoveGood377,Luna Lovegood 377,377
a0378,LLoveGood378,Luna Lovegood 378,378
a0379,LLoveGood379,Luna Lovegood 379,379
a0380,LLoveGood380,Luna Lovegood 380,380
a0381,LLoveGood381,Luna Lovegood 381,381
a0382,LLoveGood382,Luna Lovegood 382,382
a0383,LLoveGood383,Luna Lovegood 383,383
a0384,LLoveGood384,Luna Lovegood 384,384
a0385,LLoveGood385,Luna Lovegood 385,385
a0386,LLoveGood386,Luna Lovegood 386,386
a0387,LLoveGood387,Luna Lovegood 387,387
a0388,LLoveGood388,Luna Lovegood 388,388
a0389,LLoveGood389,Luna Lovegood 389,389
a0390,LLoveGood390,Luna Lovegood 390,390
a0391,LLoveGood391,Luna Lovegood 391,391
a0392,LLoveGood392,Luna Lovegood 392,392
a0393,LLoveGood393,Luna Lovegood 393,393
a0394,LLoveGood394,Luna Lovegood 394,394
a0395,LLoveGood395,Luna Lovegood 395,395
a0396,LLoveGood396,Luna Lovegood 396,396
a0397,LLoveGood397,Luna Lovegood 397,397
a0398,LLoveGood398,Luna Lovegood 398,398
a0399,LLoveGood399,Luna Lovegood 399,399
a0400,LLoveGood400,Luna Lovegood 400,400
a0401,LLoveGood401,Luna Lovegood 401,401
a0402,LLoveGood402,Luna Lovegood 402,402
a0403,LLoveGood403,Luna Lovegood 403,403
a0404,LLoveGood404,Luna Lovegood 404,404
a0405,LLoveGood405,Luna Lovegood 405,405
a0406,LLoveGood406,Luna Lovegood 406,406
a0407,LLoveGood407,Luna Lovegood 407,407
a0408,LLoveGood408,Luna Lovegood 408,408
a0409,LLoveGood409,Luna Lovegood 409,409
a0410,LLoveGood410,Luna Lovegood 410,410
a0411,LLoveGood411,Luna Lovegood 411,411
a0412,LLoveGood412,Luna Lovegood 412,412
a0413,LLoveGood413,Luna Lovegood 413,413
a0414,LLoveGood414,Luna Lovegood 414,414
a0415,LLoveGood415,Luna Lovegood 415,415
a0416,LLoveGood416,Luna Lovegood 416,416
a0417,LLoveGood417,Luna Lovegood 417,417
a0418,LLoveGood418,Luna Lovegood 418,418
a0419,LLoveGood419,Luna Lovegood 419,419
a0420,LLoveGood420,Luna Lovegood 420,420
a0421,LLoveGood421,Luna Lovegood 421,421
a0422,LLoveGood422,Luna Lovegood 422,422
a0423,LLoveGood423,Luna Lovegood 423,423
a0424,LLoveGood424,Luna Lovegood 424,424
a0425,LLoveGood425,Luna Lovegood 425,425
a0426,LLoveGood426,Luna Lovegood 426,426
a0427,LLoveGood427,Luna Lovegood 427,427
a0428,LLoveGood428,Luna Lovegood 428,428
a0429,LLoveGood429,Luna Lovegood 429,429
a0430,LLoveGood430,Luna Lovegood 430,430
a0431,LLoveGood431,Luna Lovegood 431,431
a0432,LLoveGood432,Luna Lovegood 432,432
a0433,LLoveGood433,Luna Lovegood 433,433
a0434,LLoveGood434,Luna Lovegood 434,434
a0435,LLoveGood435,Luna Lovegood 435,435
a0436,LLoveGood436,Luna Lovegood 436,436
a0437,LLoveGood437,Luna Lovegood 437,437
a0438,LLoveGood438,Luna Lovegood 438,438
a0439,LLoveGood439,Luna Lovegood 439,439
a0440,LLoveGood440,Luna Lovegood 440,440
a0441,LLoveGood441,Luna Lovegood 441,441
a0442,LLoveGood442,Luna Lovegood 442,442
a0443,LLoveGood443,Luna Lovegood 443,443
a0444,LLoveGood444,Luna Lovegood 444,444
a0445,LLoveGood445,Luna Lovegood 445,445
a0446,LLoveGood446,Luna Lovegood 446,446
a0447,LLoveGood447,Luna Lovegood 447,447
a0448,LLoveGood448,Luna Lovegood 448,448
a0449,LLoveGood449,Luna Lovegood 449,449
a0450,LLoveGood450,Luna Lovegood 450,450
a0451,LLoveGood451,Luna Lovegood 451,451
a0452,LLoveGood452,Luna Lovegood 452,452
a0453,LLoveGood453,Luna Lovegood 453,453
a0454,LLoveGood454,Luna Lovegood 454,454
a0455,LLoveGood455,Luna Lovegood 455,455
a0456,LLoveGood456,Luna Lovegood 456,456
a0457,LLoveGood457,Luna Lovegood 457,457
a0458,LLoveGood458,Luna Lovegood 458,458
a0459,LLoveGood459,Luna Lovegood 459,459
a0460,LLoveGood460,Luna Lovegood 460,460
a0461,LLoveGood461,Luna Lovegood 461,461
a0462,LLoveGood462,Luna Lovegood 462,462
a0463,LLoveGood463,Luna Lovegood 463,463
a0464,LLoveGood464,Luna Lovegood 464,464
a0465,LLoveGood465,Luna Lovegood 465,465
a0466,LLoveGood466,Luna Lovegood 466,466
a0467,LLoveGood467,Luna Lovegood 467,467
a0468,LLoveGood468,Luna Lovegood 468,468
a0469,LLoveGood469,Luna Lovegood 469,469
a0470,LLoveGood470,Luna Lovegood 470,470
a0471,LLoveGood471,Luna Lovegood 471,471
a0472,LLoveGood472,Luna Lovegood 472,472
a0473,LLoveGood473,Luna Lovegood 473,473
a0474,LLoveGood474,Luna Lovegood 474,474
a0475,LLoveGood475,Luna Lovegood 475,475
a0476,LLoveGood476,Luna Lovegood 476,476
a0477,LLoveGood477,Luna Lovegood 477,477
a0478,LLoveGood478,Luna Lovegood 478,478
a0479,LLoveGood479,Luna Lovegood 479,479
a0480,LLoveGood480,Luna Lovegood 480,480
a0481,LLoveGood481,Luna Lovegood 481,481
a0482,LLoveGood482,Luna Lovegood 482,482
a0483,LLoveGood483,Luna Lovegood 483,483
a0484,LLoveGood484,Luna Lovegood 484,484
a0485,LLoveGood485,Luna Lovegood 485,485
a0486,LLoveGood486,Luna Lovegood 486,486
a0487,LLoveGood487,Luna Lovegood 487,487
a0488,LLoveGood488,Luna Lovegood 488,488