id,login,name,salary
a001,ArielM1,Ariel Mermaid 1,1
a002,ArielM2,Ariel Mermaid 2,2
a003,ArielM3,Ariel Mermaid 3,3
a004,ArielM4,Ariel Mermaid 4,
a005,ArielM5,Ariel Mermaid 5,5
a006,ArielM6,Ariel Mermaid 6,6
a007,ArielM7,Ariel Mermaid 7,7
a008,ArielM8,Ariel Mermaid 8,8
a009,ArielM9,Ariel Mermaid 9,9
a010,ArielM10,Ariel Mermaid 10,10
a011,ArielM11,Ariel Mermaid 11,11
a012,ArielM12,Ariel Mermaid 12,12
a013,ArielM13,Ariel Mermaid 13,13
a014,ArielM14,Ariel Mermaid 14,14
a015,ArielM15,Ariel Mermaid 15,15
a016,ArielM16,Ariel Mermaid 16,16
a017,ArielM17,Ariel Mermaid 17,17
a018,ArielM18,Ariel Mermaid 18,18
a019,ArielM19,Ariel Mermaid 19,19
a020,ArielM20,Ariel Mermaid 20,20
a021,ArielM21,Ariel Mermaid 21,21
a022,ArielM22,Ariel Mermaid 22,22
a023,ArielM23,Ariel Mermaid 23,23
a024,ArielM24,Ariel Mermaid 24,24
a025,ArielM25,Ariel Mermaid 25,25
a026,ArielM26,Ariel Mermaid 26,26
a027,ArielM27,Ariel Mermaid 27,27
a028,ArielM28,Ariel Mermaid 28,28
a029,ArielM29,Ariel Mermaid 29,29
a030,ArielM30,Ariel Mermaid 30,30
a031,ArielM31,Ariel Mermaid 31,31
a032,ArielM32,Ariel Mermaid 32,32
a033,ArielM33,Ariel Mermaid 33,33
a034,ArielM34,Ariel Mermaid 34,34
a035,ArielM35,Ariel Mermaid 35,35
a036,ArielM36,Ariel Mermaid 36,36
a037,ArielM37,Ariel Mermaid 37,37
a038,ArielM38,Ariel Mermaid 38,38
a039,ArielM39,Ariel Mermaid 39,39
a040,ArielM40,Ariel Mermaid 40,40
a041,ArielM41,Ariel Mermaid 41,41
a042,ArielM42,Ariel Mermaid 42,42
a043,ArielM43,Ariel Mermaid 43,43
a044,ArielM44,Ariel Mermaid 44,44
a045,ArielM45,Ariel Mermaid 45,45
a046,ArielM46,Ariel Mermaid 46,46
a047,ArielM47,Ariel Mermaid 47,47
a048,ArielM48,Ariel Mermaid 48,48
a049,ArielM49,Ariel Mermaid 49,49
a050,ArielM50,Ariel Mermaid 50,50
a051,ArielM51,Ariel Mermaid 51,51
a052,ArielM52,Ariel Mermaid 52,52
a053,ArielM53,Ariel Mermaid 53,53
a054,ArielM54,Ariel Mermaid 54,54
a055,ArielM55,Ariel Mermaid 55,55
a056,ArielM56,Ariel Mermaid 56,56
a057,ArielM57,Ariel Mermaid 57,57
a058,ArielM58,Ariel Mermaid 58,58
a059,ArielM59,Ariel Mermaid 59,59
a060,ArielM60,Ariel Mermaid 60,60
a061,ArielM61,Ariel Mermaid 61,61
a062,ArielM62,Ariel Mermaid 62,62
a063,ArielM63,Ariel Mermaid 63,63
a064,ArielM64,Ariel Mermaid 64,64
a065,ArielM65,Ariel Mermaid 65,65
a066,ArielM66,Ariel Mermaid 66,66
a067,ArielM67,Ariel Mermaid 67,67
a068,ArielM68,Ariel Mermaid 68,68
a069,ArielM69,Ariel Mermaid 69,69
a070,ArielM70,Ariel Mermaid 70,70
a071,ArielM71,Ariel Mermaid 71,71
a072,ArielM72,Ariel Mermaid 72,72
a073,ArielM73,Ariel Mermaid 73,73
a074,ArielM74,Ariel Mermaid 74,74
a075,ArielM75,Ariel Mermaid 75,75
a076,ArielM76,Ariel Mermaid 76,76
a077,ArielM77,Ariel Mermaid 77,77
a078,ArielM78,Ariel Mermaid 78,78
a079,ArielM79,Ariel Mermaid 79,79
a080,ArielM80,Ariel Mermaid 80,80
a081,ArielM81,Ariel Mermaid 81,81
a082,ArielM82,Ariel Mermaid 82,82
a083,ArielM83,Ariel Mermaid 83,83
a084,ArielM84,Ariel Mermaid 84,84
a085,ArielM85,Ariel Mermaid 85,85
a086,ArielM86,Ariel Mermaid 86,86
a087,ArielM87,Ariel Mermaid 87,87
a088,ArielM88,Ariel Mermaid 88,88
a089,ArielM89,Ariel Mermaid 89,89
a090,ArielM90,Ariel Mermaid 90,90
a091,ArielM91,Ariel Mermaid 91,91
a092,ArielM92,Ariel Mermaid 92,92
a093,ArielM93,Ariel Mermaid 93,93
a094,ArielM94,Ariel Mermaid 94,94
a095,ArielM95,Ariel Mermaid 95,95
a096,ArielM96,Ariel Mermaid 96,96
a097,ArielM97,Ariel Mermaid 97,97
a098,ArielM98,Ariel Mermaid 98,98
a099,ArielM99,Ariel Mermaid 99,99
a100,ArielM100,Ariel Mermaid 100,100